50136,漠河
50137,北极村
50246,塔河
50247,呼中
50349,新林
50353,呼玛
50425,额尔古纳市
50431,根河市
50434,图里河
50442,加格达奇
50445,鄂伦春自治旗
50468,爱辉
50514,满洲里
50524,陈巴尔虎旗
50525,鄂温克族自治旗
50526,牙克石市
50527,海拉尔
50548,小二沟
50557,嫩江
50564,孙吴
50566,逊克
50603,新巴尔虎右旗
50618,新巴尔虎左旗
50639,扎兰屯
50645,莫力达瓦达斡尔族自治旗
50646,讷河
50647,阿荣旗
50655,五大连池
50656,北安
50658,克山
50659,克东
50673,嘉荫
50674,乌伊岭
50727,阿尔山
50739,龙江
50741,甘南
50742,富裕
50745,齐齐哈尔
50749,林甸
50750,依安
50755,拜泉
50756,海伦
50758,明水
50767,绥棱
50772,五营
50774,伊春
50775,鹤岗
50776,萝北
50778,同江
50779,抚远
50787,绥滨
50788,富锦
50834,索伦
50842,杜蒙
50844,泰来
50850,大庆
50851,青冈
50852,望奎
50853,北林
50854,安达
50858,肇东
50859,兰西
50861,庆安
50862,铁力
50867,巴彦
50871,汤原
50873,佳木斯
50877,依兰
50878,桦川
50879,桦南
50880,集贤
50884,双鸭山
50888,宝清
50892,饶河
50913,乌拉盖
50915,东乌珠穆沁
50924,霍林郭勒
50928,巴雅尔吐胡硕
50934,突泉
50936,白城
50937,科尔沁右翼中旗
50939,洮南
50940,镇赉
50945,大安
50946,松原
50948,乾安
50949,前郭
50950,肇州
50953,哈尔滨
50954,肇源
50956,呼兰
50958,阿城
50960,宾县
50962,木兰
50963,通河
50964,方正
50965,延寿
50968,尚志
50971,七台河
50973,勃利
50978,鸡西
50979,林口
50983,虎林
50985,密山
50987,鸡东
51053,哈巴河
51058,阿克达拉
51060,布尔津
51068,福海
51076,阿勒泰
51087,富蕴
51133,塔城
51137,裕民
51145,额敏
51156,和布克赛尔
51232,阿拉山口
51238,博乐
51241,托里
51243,克拉玛依
51334,精河
51357,沙湾
51359,玛纳斯
51367,呼图壁
51368,昌吉
51369,米泉
51377,阜康
51378,吉木萨尔
51468,天山大西沟
51469,乌鲁木齐牧试站
51470,天池
51477,达坂城
51482,木垒
51526,库米什
51542,巴音布鲁克
51567,焉耆
51571,托克逊
51572,吐鲁番东坎
51573,吐鲁番
51627,乌什
51628,阿克苏
51636,新和
51639,沙雅
51656,库尔勒
51704,阿图什
51705,乌恰
51707,伽师
51709,喀什
51717,岳普湖
51720,柯坪
51722,阿瓦提
51730,阿拉尔
51747,塔中
51765,铁干里克
51802,英吉沙
51810,麦盖提
51811,莎车
51814,叶城
51815,泽普
51818,皮山
51826,策勒
51827,墨玉
51828,和田
51829,洛浦
51839,民丰
51855,且末
51931,于田
52101,巴里坤
52112,淖毛湖
52118,伊吾
52203,哈密
52313,红柳河
52323,马鬃山
52515,肃北
52533,酒泉
52546,高台
52557,临泽
52602,冷湖
52643,肃南
52652,张掖
52656,民乐
52674,永昌
52679,武威
52681,民勤
52707,小灶火
52784,古浪
52787,乌鞘岭
52797,景泰
52818,格尔木
52825,诺木洪
52836,都兰
52854,青海湖151
52856,共和
52863,互助
52866,西宁
52868,贵德
52869,湟中
52875,平安
52876,民和
52877,化隆
52881,天祝
52884,皋兰
52885,永登
52895,靖远
52896,白银
52908,五道梁
52941,沙珠玉
52943,兴海
52955,贵南
52957,同德
52963,尖扎
52968,泽库
52972,循化
52974,同仁
52978,夏河
52980,永靖
52981,东乡
52982,广河
52983,榆中
52984,临夏
52985,和政
52986,临洮
52988,康乐
52993,会宁
52995,安定
52996,华家岭
52998,渭源
53068,二连浩特
53083,那仁宝力格
53149,满都拉气象站
53192,阿巴嘎旗
53231,海力素
53289,镶黄旗
53336,乌拉特中旗
53337,五原
53348,大佘太
53352,达茂旗
53357,固阳
53362,四子王
53367,希拉穆仁
53368,武川县
53378,察右中旗
53384,察右后旗
53385,商都
53391,化德
53392,康保
53397,尚义
53399,张北
53419,磴口
53420,杭锦后旗
53433,乌拉特前旗
53446,包头市
53455,土右旗气象局
53457,达拉特旗
53463,呼和浩特
53464,土默特左旗
53466,呼和浩特郊区站
53467,托克托县
53469,和林格尔县
53472,卓资
53475,凉城
53478,右玉
53480,集宁
53481,察右前旗
53483,兴和
53484,丰镇
53486,阳高
53487,大同
53488,大同县
53490,天镇
53491,怀安
53492,阳原
53498,宣化
53499,万全
53512,乌海
53513,临河
53517,石炭井
53518,石嘴山
53519,惠农
53522,伊克乌素
53529,鄂托克旗
53533,杭锦旗
53543,东胜
53545,伊金霍洛旗
53553,准格尔旗
53562,清水河县
53564,河曲
53565,偏关
53567,府谷
53573,左云
53574,平鲁
53575,神池
53576,山阴
53577,宁武
53578,朔州
53579,代县
53582,浑源
53584,应县
53585,繁峙
53588,五台山
53590,广灵
53593,蔚县
53594,灵丘
53596,顺平
53599,涞源
53603,沙湖
53610,贺兰
53611,平罗
53612,吴忠
53614,银川
53615,陶乐
53617,青铜峡
53618,永宁
53619,灵武
53644,乌审旗
53646,榆林
53651,神木
53658,佳县
53659,临县
53660,保德
53662,岢岚
53663,五寨
53664,兴县
53665,岚县
53666,静乐
53669,娄烦
53673,原平
53674,忻府区
53676,定襄
53677,尖草坪
53678,阳曲
53679,小店
53680,灵寿
53681,五台县豆村
53682,曲阳
53685,盂县
53687,平定
53688,行唐
53689,晋州
53690,阜平
53691,正定
53692,唐县
53693,井陉
53694,平山
53695,新乐
53696,定州
53697,藁城
53699,无极
53704,中卫
53705,中宁
53707,兴仁
53723,盐池
53725,定边
53727,麻黄山
53730,鄂托克前旗
53732,河南
53735,靖边
53738,吴起
53740,横山
53748,子长
53750,米脂
53751,子洲
53753,柳林
53754,绥德
53756,吴堡
53757,清涧
53759,石楼
53760,方山
53763,古交
53764,离石
53767,中阳
53768,孝义
53769,汾阳
53770,祁县
53771,文水
53772,太原
53773,临漳
53774,清徐
53775,太谷
53776,榆次
53777,交城
53778,平遥
53780,寿阳
53781,沙河
53782,阳泉
53783,昔阳
53784,赵县
53785,柏乡
53786,左权
53787,榆社
53788,和顺
53789,栾城
53790,高邑
53791,元氏
53792,临城
53794,隆尧
53795,赞皇
53796,宁晋
53797,内丘
53798,邢台
53799,巨鹿
53806,海原
53810,同心
53817,固原
53821,环县
53829,庆城
53832,志丹
53841,安塞
53848,甘泉
53850,延川
53852,永和
53853,隰县
53854,延长
53856,大宁
53857,宜川
53859,吉县
53860,交口
53861,襄汾
53862,灵石
53863,介休
53864,蒲县
53865,汾西
53866,洪洞
53868,临汾
53869,霍州
53871,武乡
53872,沁县
53873,长子
53874,古县
53875,沁源
53877,安泽
53878,黎城
53879,屯留
53880,潞城
53881,韦州
53882,长治
53883,任县
53884,襄垣
53885,壶关
53886,涉县
53888,平顺
53889,林州
53890,武安
53891,南和
53892,邯郸
53893,曲周
53894,峰峰
53895,永年
53896,魏县
53897,磁县
53898,安阳
53899,广平
53903,西吉
53906,静宁
53908,通渭
53910,六盘山
53914,隆德
53915,崆峒
53916,泾源
53917,庄浪
53923,西峰
53924,灵台
53925,镇原
53926,泾川
53927,华亭
53928,崇信
53929,长武
53930,华池
53931,富县
53934,合水
53935,正宁
53937,宁县
53938,旬邑
53941,白水
53942,洛川
53944,黄陵
53945,宜君
53946,黄龙
53947,铜川
53948,蒲城
53949,澄城
53950,合阳
53953,乡宁
53954,稷山
53956,万荣
53957,河津
53958,临猗
53959,运城
53961,曲沃
53962,翼城
53963,侯马
53964,新绛
53965,绛县
53966,浮山
53967,闻喜
53968,垣曲
53970,沁水
53972,沁阳
53973,高平
53974,淇县
53975,阳城
53976,晋城
53978,济源
53979,博爱
53980,肥乡
53981,陵川
53982,焦作
53983,封丘
53984,修武
53985,辉县
53986,新乡
53987,武陟
53988,获嘉
53989,原阳
53991,汤阴
53992,浚县
53993,内黄
53994,卫辉
53995,滑县
53996,成安
53997,延津
53998,长垣
54012,西乌珠穆沁
54024,富河
54026,扎鲁特
54027,巴林左旗
54031,高力板
54039,舍伯吐
54041,通榆
54047,科左中旗
54049,长岭
54063,扶余
54064,农安
54065,德惠
54069,九台
54072,榆树
54076,舒兰
54080,五常
54092,海林
54093,穆棱
54094,牡丹江
54096,绥芬河
54098,宁安
54099,东宁
54102,锡林浩特
54113,巴林右旗
54115,林西县
54117,克什克腾旗
54122,阿鲁科尔沁旗
54132,青龙山
54134,开鲁
54135,通辽
54142,双辽
54154,梨树
54155,孤家子
54157,四平
54161,长春
54164,伊通
54165,双阳
54169,烟筒山
54171,永吉
54172,吉林城郊
54181,蛟河
54186,敦化
54187,安图
54192,罗子沟
54195,汪清
54204,正镶白旗
54205,正蓝旗
54208,多伦县
54213,翁牛特旗
54214,岗子
54218,赤峰
54223,奈曼
54225,敖汉旗
54226,宝国吐
54231,科左后旗
54234,库伦
54236,彰武
54243,昌图
54244,康平
54245,法库
54248,沈北新区
54249,铁岭
54252,西丰
54254,开原
54259,清原
54260,辽源
54261,东丰
54263,磐石
54266,梅河口
54267,柳河
54273,桦甸
54274,辉南
54276,靖宇
54279,江源
54284,东岗
54285,二道
54286,和龙
54290,龙井
54291,珲春
54292,延吉
54293,图们
54301,沽源
54304,崇礼
54305,太仆寺旗
54308,丰宁
54311,围场
54313,喀喇沁旗
54316,八里罕
54318,隆化
54319,平泉
54320,宁城县
54321,建平镇
54323,北票
54324,朝阳
54325,羊山
54326,建平县
54327,凌源
54328,喀左
54332,辽中
54333,新民
54336,台安
54338,盘山
54339,鞍山
54340,苏家屯
54342,沈阳
54345,辽阳县
54346,本溪
54347,辽阳
54348,灯塔
54351,抚顺
54353,新宾
54362,通化县
54363,通化
54371,白山
54374,临江
54377,集安
54386,长白
54398,顺义
54399,海淀
54401,张家口
54404,赤城
54405,怀来
54406,延庆
54408,涿鹿
54416,密云
54419,怀柔
54420,滦平
54421,上甸子
54423,承德
54424,平谷
54425,兴隆
54428,蓟州
54429,遵化
54430,承德县
54431,通州
54432,宽城
54433,朝阳
54434,迁西
54436,青龙
54437,滦南
54438,卢龙
54439,迁安
54449,秦皇岛
54452,建昌
54453,连山区
54454,绥中
54455,兴城
54470,大洼
54471,营口
54474,盖州
54475,大石桥
54476,熊岳
54483,草河口
54486,岫岩
54493,宽甸
54494,凤城
54497,丹东
54499,昌平
54501,斋堂
54502,涿州
54503,容城
54505,门头沟
54506,高碑店
54507,易县
54510,大厂
54511,北京
54512,固安
54513,石景山
54514,丰台
54515,廊坊
54518,霸州
54519,永清
54520,三河
54521,香河
54522,玉田
54523,武清
54525,宝坻
54526,东丽
54527,西青
54528,北辰
54529,宁河
54530,汉沽
54531,滦县
54532,丰润
54533,丰南
54534,唐山
54535,曹妃甸
54539,乐亭
54540,昌黎 
54541,抚宁
54563,瓦房店
54565,长兴岛
54568,金州
54569,普兰店
54575,皮口
54579,长海
54584,庄河
54590,东港
54594,大兴
54596,房山
54597,霞云岭
54601,徐水
54602,保定
54603,高阳
54604,安国
54605,安新
54606,饶阳
54607,望都
54608,深州
54609,安平
54610,任丘
54611,满城
54612,文安
54613,大城
54614,河间
54615,青县
54616,沧州
54617,献县
54618,泊头
54619,静海
54620,蠡县
54621,深泽
54622,津南
54623,塘沽
54624,黄骅
54626,肃宁
54627,盐山
54628,海兴
54631,广宗
54632,平乡
54633,新河
54636,雄县
54640,鸡泽
54644,孟村
54645,大港
54662,大连
54700,武强
54701,辛集
54702,衡水
54703,武邑
54704,冀州
54705,南宫
54706,清河
54707,故城
54708,枣强
54709,武城
54710,阜城
54711,景县
54712,临邑
54713,东光
54714,德州
54715,陵城
54716,宁津
54717,吴桥
54719,南皮
54722,无棣
54723,阳信
54724,商河
54725,惠民
54726,乐陵
54727,章丘
54728,庆云
54729,高青
54734,滨州
54736,东营
54744,垦利
54749,莱州
54751,长岛
54752,蓬莱
54753,龙口
54755,招远
54759,栖霞
54764,福山
54765,烟台
54776,成山头
54777,文登
54800,威县
54801,临西
54802,临清
54804,大名
54806,聊城
54807,阳谷
54808,莘县
54809,馆陶
54812,齐河
54814,茌平
54815,东阿
54816,长清
54817,台前
54818,平阴
54819,肥城
54820,邱县
54821,济阳
54822,邹平
54823,济南
54824,淄川
54825,博山
54826,泰山
54827,泰安
54828,莱芜
54829,周村
54830,淄博
54831,青州
54832,寿光
54833,桓台
54834,临淄
54835,临朐
54836,沂源
54837,昌乐
54841,昌邑
54842,平度
54843,潍坊
54844,安丘
54846,高密
54848,诸城
54849,胶州
54851,莱西
54852,莱阳
54853,崂山
54855,即墨
54857,青岛
54861,乳山
54863,海阳
54871,石岛
54900,濮阳
54901,南乐
54902,清丰
54903,范县
54904,鄄城
54905,郓城
54906,菏泽
54907,鱼台
54908,东明
54909,定陶
54910,梁山
54911,东平
54912,汶上
54913,宁阳
54914,巨野
54915,济宁
54916,兖州
54917,金乡
54918,曲阜
54919,邹城
54920,泗水
54921,嘉祥
54922,新泰
54923,蒙阴
54925,平邑
54927,滕州
54929,费县
54932,沂水
54935,沂南
54936,莒县
54938,临沂
54939,莒南
54940,五莲
54943,黄岛
54945,日照
55228,狮泉河
55248,改则
55299,那曲
55437,普兰
55493,当雄
55569,拉孜
55572,南木林
55593,墨竹工卡
55597,琼结
55598,泽当
55655,聂拉木
55664,定日
55680,江孜
56004,沱沱河
56016,治多
56018,杂多
56021,曲麻莱
56029,玉树
56033,玛多
56034,清水河
56038,石渠
56043,玛沁
56045,甘德
56046,达日
56065,河南
56067,久治
56071,碌曲
56074,玛曲
56079,若尔盖
56080,合作
56081,临潭
56082,卓尼
56084,迭部
56091,漳县
56092,陇西
56093,岷县
56094,舟曲
56095,宕昌
56096,武都
56097,九寨沟
56116,丁青
56125,囊谦
56128,类乌齐
56137,昌都
56144,德格
56146,甘孜
56147,白玉
56151,班玛
56152,色达
56158,炉霍
56164,壤塘
56167,道孚
56168,金川
56171,阿坝
56172,马尔康
56173,红原
56178,小金
56180,茂县
56181,崇州
56182,松潘
56183,汶川
56184,理县
56185,黑水
56186,绵竹
56187,温江
56188,都江堰
56189,彭州
56192,文县
56197,什邡
56198,德阳 
56199,中江
56223,洛隆
56227,波密
56228,八宿
56247,巴塘
56251,新龙
56257,理塘
56263,丹巴
56267,雅江
56272,郫县
56273,宝兴
56276,新津
56278,天全
56279,芦山
56280,名山
56281,蒲江
56284,邛崃
56285,大邑
56286,龙泉驿
56288,双流
56289,彭山
56290,新都
56296,金堂
56297,仁寿
56298,资阳
56312,林芝
56317,米林
56331,左贡
56357,稻城
56371,泸定
56373,荥经
56374,康定
56376,汉源
56378,石棉
56380,洪雅
56381,丹棱
56382,夹江
56383,青神
56384,峨眉
56385,峨眉山
56386,乐山
56387,峨边
56389,犍为
56390,井研
56391,眉山
56393,资中
56394,荣县
56395,威远
56396,自贡
56399,富顺
56434,察隅
56441,得荣
56443,乡城
56444,德钦
56459,木里
56462,九龙
56473,甘洛
56474,冕宁
56475,越西
56478,喜德
56479,昭觉
56480,马边
56483,绥江
56485,雷波
56487,美姑
56489,永善
56490,沐川
56491,宜宾县
56492,宜宾
56493,南溪
56494,屏山
56496,兴文
56497,盐津
56498,筠连
56499,珙县
56533,贡山
56543,香格里拉
56548,维西
56565,盐源
56567,宁蒗
56569,德昌
56571,西昌
56575,普格
56578,宁南
56580,布拖
56582,大关
56584,金阳
56585,鲁甸
56586,昭通
56592,高县
56593,长宁
56594,彝良
56595,镇雄
56596,威信
56598,赫章
56641,福贡
56643,六库
56645,兰坪
56646,剑川
56649,洱源
56651,丽江
56652,永胜
56654,鹤庆
56664,华坪
56665,盐边
56666,攀枝花
56669,永仁
56670,米易
56671,会理
56673,巧家
56674,仁和
56675,会东
56684,会泽
56688,东川
56691,威宁
56697,宣威
56739,腾冲
56742,云龙
56745,漾濞
56746,永平
56748,保山
56751,大理
56752,宾川
56755,弥渡
56757,巍山
56761,大姚
56764,姚安
56766,牟定
56767,南华
56772,富民
56774,武定
56777,禄丰
56778,昆明
56782,马龙
56783,曲靖
56785,嵩明
56790,富源
56792,普安
56793,盘县
56835,陇川
56836,盈江
56839,镇康
56840,粱河
56841,龙陵
56842,施甸
56843,昌宁
56844,芒市
56846,凤庆
56849,永德
56851,南涧
56854,云县
56856,景东
56862,双柏
56863,安宁
56867,镇沅
56869,新平
56870,易门
56871,晋宁
56873,澄江
56875,玉溪
56876,江川
56878,通海
56879,华宁
56880,宜良
56881,石林
56882,呈贡
56883,师宗
56885,弥勒
56886,泸西
56889,丘北
56891,罗平
56898,峨山
56944,沧源
56946,耿马
56948,西盟
56949,孟连
56950,双江
56951,临沧
56952,景谷
56954,澜沧
56958,勐海
56962,墨江
56964,思茅
56966,元江
56969,勐腊
56970,石屏
56975,红河
56976,元阳
56977,江城
56978,绿春
56982,开远
56984,个旧
56987,金平
56991,砚山
56992,西畴
56994,文山
56995,马关
57001,甘谷
57002,秦安
57003,陇县
57004,武山
57006,天水
57007,礼县
57008,西和
57011,清水
57012,张家川
57014,麦积
57016,宝鸡
57020,陈仓
57021,千阳
57022,麟游
57023,彬县
57024,岐山
57025,凤翔
57026,扶风
57027,眉县
57028,太白
57029,礼泉
57030,永寿
57031,淳化
57033,泾阳
57034,武功
57035,乾县
57037,耀州
57038,兴平
57041,三原
57042,富平
57043,大荔
57045,渭南
57046,华山
57048,秦都
57051,三门峡
57052,永济
57053,芮城
57054,潼关
57055,华阴
57056,灵宝
57057,洛南
57060,夏县
57061,平陆
57063,渑池
57066,洛宁
57070,新安
57071,孟津
57072,孟州
57074,伊川
57075,汝州
57076,偃师
57078,汝阳
57079,温县
57080,巩义
57081,荥阳
57082,登封
57083,郑州
57084,嵩山
57085,新密
57086,新郑
57087,长葛
57088,禹州
57089,许昌
57090,中牟
57091,开封
57093,兰考
57094,尉氏
57095,鄢陵
57096,杞县
57098,扶沟
57099,太康
57102,成县
57105,康县
57106,略阳
57110,徽县
57111,两当
57113,凤县
57119,勉县
57123,杨凌
57124,留坝
57127,汉中
57128,城固
57131,泾河
57134,佛坪
57137,宁陕
57140,柞水
57143,商州
57144,镇安
57153,丹凤
57154,商南
57155,山阳
57156,西峡
57162,嵩县
57169,内乡
57173,鲁山
57175,镇平
57176,南召
57177,舞钢
57178,南阳
57179,方城
57180,郏县
57181,宝丰
57182,襄城
57183,临颍
57184,叶县
57185,舞阳
57186,漯河
57187,社旗
57188,西平
57189,遂平
57190,黄泛区
57191,通许
57192,淮阳
57193,西华
57194,上蔡
57195,川汇区
57196,项城
57197,汝南
57198,商水
57204,青川
57206,广元
57208,剑阁
57211,宁强
57213,南郑
57216,南江
57217,旺苍
57231,紫阳
57232,石泉
57233,汉阴
57237,万源
57238,镇巴
57242,旬阳
57245,安康
57247,岚皋
57248,平利
57249,竹溪
57251,郧西
57253,郧阳
57254,白河
57256,十堰
57257,竹山
57259,房县
57260,丹江口
57261,淅川
57265,老河口
57268,谷城
57271,新野
57273,唐河
57274,邓州
57278,襄阳
57279,枣阳
57281,泌阳
57285,桐柏
57290,驻马店
57292,平舆
57293,新蔡
57294,确山
57295,正阳
57296,息县
57297,信阳
57298,罗山
57299,光山
57303,苍溪
57306,阆中
57307,三台
57308,盐亭
57309,西充
57313,巴中
57314,南部
57315,仪陇
57317,蓬安
57318,营山
57320,通江
57324,平昌
57326,宣汉
57328,达川
57329,开江
57333,城口
57338,开县
57339,云阳
57343,镇坪
57345,巫溪
57348,奉节
57349,巫山
57355,巴东
57359,兴山
57361,保康
57362,神农架
57363,南漳
57370,宜城
57377,荆门
57378,钟祥
57381,随州
57386,孝昌
57387,京山
57388,安陆
57389,云梦
57390,鸡公山
57395,大悟
57396,新县
57398,红安
57399,麻城
57401,射洪
57402,蓬溪
57405,遂宁
57407,乐至
57408,安岳
57409,潼南
57411,高坪
57413,渠县
57414,岳池
57415,广安
57416,邻水
57417,武胜
57420,大竹
57425,垫江
57431,天城
57432,万州
57437,忠县
57438,石柱
57439,利川
57445,建始
57447,恩施
57453,夷陵区
57458,五峰
57461,宜昌
57464,长阳
57465,宜都
57469,松滋
57475,潜江
57476,荆州
57477,公安
57481,应城
57482,孝感
57483,天门
57484,沙洋
57485,仙桃
57486,汉川
57489,蔡甸
57492,新洲
57494,武汉
57495,团风
57496,鄂州
57498,黄冈
57499,大冶
57502,大足
57503,东兴区
57505,荣昌
57506,永川
57507,隆昌
57508,泸县
57509,万盛
57510,铜梁
57511,北碚
57512,合川
57513,渝北
57514,璧山
57516,沙坪坝
57517,江津
57518,巴南
57519,南川
57520,长寿
57523,丰都
57525,武隆
57536,黔江
57537,彭水
57540,咸丰
57541,宣恩
57543,鹤峰
57544,龙山
57545,来凤
57554,桑植
57558,张家界
57562,石门
57564,慈利
57565,澧县
57566,临澧
57571,石首
57573,监利
57574,南县
57575,华容
57577,安乡
57581,洪湖
57582,赤壁
57583,嘉鱼
57584,岳阳
57585,临湘
57586,崇阳
57589,通城
57590,咸宁
57596,金沙
57598,修水
57600,江安
57603,合江
57606,桐梓
57608,叙永
57612,綦江
57623,道真
57625,正安
57633,酉阳
57634,务川
57635,秀山
57636,沿河
57637,德江
57640,花垣
57642,保靖
57643,永顺
57646,古丈
57647,松桃
57649,吉首
57655,沅陵
57657,泸溪
57658,辰溪
57661,桃源
57662,常德
57663,汉寿
57666,桃江
57669,安化
57671,沅江
57673,湘阴
57674,赫山
57678,宁乡
57679,马坡岭
57680,汨罗
57682,平江
57687,长沙
57688,浏阳
57694,铜鼓
57696,宜丰
57698,万载
57699,上高
57707,毕节
57708,大方
57710,仁怀
57714,金沙
57717,遵义县
57718,息烽
57719,开阳
57722,湄潭
57723,凤冈
57728,瓮安
57729,余庆
57731,思南
57732,印江
57734,石阡
57735,岑巩
57736,江口
57737,施秉
57738,镇远
57739,玉屏
57740,凤凰
57741,铜仁
57742,万山
57743,麻阳
57744,新晃
57745,芷江
57752,溆浦
57754,洪江
57760,冷水江
57761,新化
57762,涟源
57763,娄底
57771,韶山
57772,湘乡
57773,湘潭
57774,双峰
57776,南岳
57777,衡山
57778,衡东
57779,攸县
57780,株洲
57781,醴陵
57783,上栗
57786,萍乡
57789,莲花
57792,分宜
57793,宜春
57794,芦溪
57796,新余
57798,安福
57799,吉安县
57800,纳雍
57803,黔西
57805,织金
57806,安顺
57807,六枝
57808,普定
57809,镇宁
57811,修文
57814,平坝
57816,贵阳
57821,福泉
57822,黄平
57824,贵定
57825,凯里
57827,都匀
57828,麻江
57829,丹寨
57832,三穗
57834,台江
57835,剑河
57837,雷山
57839,黎平
57840,天柱
57844,锦屏
57845,通道
57859,资源
57865,冷水滩
57866,永州
57867,东安
57868,祁阳
57870,祁东
57871,衡阳县
57872,衡阳
57874,常宁
57875,衡南
57876,耒阳
57881,安仁
57882,茶陵
57883,夏坪
57886,炎陵
57887,永兴
57889,桂东
57891,永新
57894,井冈山
57895,万安
57896,遂川
57899,泰和
57900,晴隆
57902,兴仁
57903,关岭
57905,贞丰
57906,望谟
57907,兴义
57908,安龙
57909,册亨
57910,紫云
57911,白云
57912,惠水
57913,龙里
57914,花溪
57915,乌当
57916,罗甸
57921,平塘
57922,独山
57923,三都
57926,荔波
57927,天峨
57932,榕江
57936,从江
57941,三江
57942,龙胜
57947,融安
57948,融水
57949,永福
57954,临桂
57955,兴安
57956,灵川
57957,桂林
57960,全州
57962,双牌
57964,灌阳
57965,道县
57966,宁远
57969,江永
57971,新田
57972,郴州
57973,桂阳
57974,嘉禾
57975,蓝山
57976,宜章
57978,临武
57981,资兴
57985,汝城
57988,乐昌
57989,仁化
57990,崇义
57991,上犹
57992,南康
57993,赣县
57994,大余
57995,信丰
57996,南雄
58001,睢县
58002,曹县
58003,成武
58004,民权
58005,商丘
58006,虞城
58007,柘城
58008,宁陵
58011,单县
58012,丰县
58013,沛县
58015,砀山
58016,萧县
58017,夏邑
58020,微山
58021,薛城
58022,峄城
58024,枣庄
58025,台儿庄
58026,邳州
58027,徐州
58030,兰陵
58032,临沭
58035,新沂
58036,东海
58038,沭阳
58040,赣榆
58041,西连岛
58044,连云港
58045,响水
58047,灌云
58048,灌南
58049,滨海
58100,郸城
58101,鹿邑
58102,亳州
58104,沈丘
58107,临泉
58108,界首
58109,太和
58111,永城
58112,天柱山
58113,濉溪
58114,涡阳
58116,淮北
58117,利辛
58118,蒙城
58122,宿州
58125,灵璧
58126,泗县
58127,怀远
58128,固镇
58129,五河
58130,睢宁
58131,宿迁
58132,泗阳
58135,泗洪
58138,盱眙
58139,洪泽
58140,涟水
58141,淮安
58143,阜宁
58145,楚州
58146,建湖
58147,金湖
58148,宝应
58150,射阳
58154,盐都
58158,大丰
58202,阜南
58203,阜阳
58205,淮滨
58207,潢川
58208,固始
58210,颍上
58212,凤台
58214,霍邱
58215,寿县
58220,长丰
58221,蚌埠
58222,凤阳
58223,明光
58224,淮南
58225,定远
58234,来安
58235,六合
58236,滁州
58237,浦口
58238,南京
58240,天长
58241,高邮
58242,仪征
58243,兴化
58244,江都
58245,扬州
58246,泰州
58247,扬中
58249,泰兴
58250,姜堰
58251,东台
58252,丹徒
58254,海安
58255,如皋
58257,靖江
58259,南通
58264,如东
58265,吕泗
58268,通州
58269,启东
58301,商城
58306,金寨
58311,六安
58314,霍山
58316,舒城
58317,岳西
58319,桐城
58320,肥西
58321,合肥
58323,肥东
58326,巢湖
58327,庐江
58329,无为
58330,含山
58331,和县
58334,芜湖
58335,当涂
58336,马鞍山
58337,繁昌
58338,芜湖县
58339,高淳
58340,溧水
58341,丹阳
58342,金坛
58344,句容
58345,溧阳
58346,宜兴
58349,苏州
58351,江阴
58352,常熟
58353,张家港
58354,无锡
58356,昆山
58358,东山
58359,吴江
58360,海门
58361,闵行
58362,宝山
58365,嘉定
58366,崇明
58367,徐家汇
58369,南汇
58370,浦东
58377,太仓
58401,罗田
58402,英山
58404,浠水
58408,蕲春
58409,黄梅
58417,宿松
58429,铜陵
58431,南陵
58432,泾县
58433,宣城
58435,旌德
58436,宁国
58437,黄山
58441,广德
58442,郎溪
58443,长兴
58446,安吉
58448,临安
58449,富阳
58450,湖州
58451,嘉善
58452,嘉兴
58453,柯桥
58454,德清
58455,海宁
58456,桐乡
58457,杭州
58458,海盐
58459,萧山
58460,金山
58461,青浦
58462,松江
58463,奉贤
58464,平湖
58467,慈溪
58468,余姚
58472,嵊泗
58477,定海
58484,岱山
58500,阳新
58501,武穴
58502,九江
58503,瑞昌
58505,九江县
58506,庐山
58507,武宁
58508,德安
58509,永修
58510,湖口
58512,彭泽
58514,星子
58517,都昌
58519,波阳
58520,祁门
58523,黟县
58524,浮梁
58527,景德镇
58529,婺源
58530,歙县
58531,屯溪
58534,休宁
58537,开化
58542,桐庐
58543,淳安
58544,建德
58546,浦江
58547,龙游
58548,兰溪
58549,金华
58550,诸暨
58553,上虞
58555,新昌
58556,嵊州
58557,义乌
58558,东阳
58559,天台
58560,磐安
58561,镇海
58562,鄞州
58563,北仑
58565,奉化
58566,象山
58567,宁海
58568,三门
58569,石浦
58570,普陀
58600,靖安
58601,奉新
58602,安义
58605,高安
58606,南昌
58607,南昌县
58608,樟树
58609,丰城
58612,余干
58614,进贤
58615,万年
58616,余江
58618,东乡
58619,临川
58620,乐平
58622,德兴
58623,上饶县
58624,弋阳
58625,横峰
58626,贵溪
58627,鹰潭
58629,铅山
58631,常山
58632,江山
58634,玉山
58635,广丰
58637,上饶
58642,武义
58643,永康
58644,遂昌
58646,丽水
58647,龙泉
58648,景宁
58652,仙居
58654,缙云
58656,乐清
58657,青田
58658,永嘉
58659,温州
58660,临海
58664,温岭
58665,洪家
58666,大陈
58667,玉环
58693,新建
58701,新干
58704,峡江
58705,永丰
58706,乐安
58707,吉水
58710,崇仁
58712,金溪
58713,资溪
58714,宜黄
58715,南城
58718,南丰
58719,黎川
58724,光泽
58725,邵武
58730,武夷山
58731,浦城
58734,建阳
58735,松溪
58736,政和
58737,建瓯
58742,云和
58744,寿宁
58745,庆元
58746,泰顺
58747,周宁
58748,福安
58749,柘荣
58750,文成
58751,平阳
58752,瑞安
58754,福鼎
58804,兴国
58806,宁都
58813,广昌
58814,石城
58818,宁化
58819,清流
58820,泰宁
58822,建宁
58823,顺昌
58824,明溪
58826,沙县
58828,三明
58836,古田
58837,尤溪
58839,闽清
58843,霞浦
58844,闽侯
58845,罗源
58846,宁德
58847,福州
58848,连江
58850,三沙
58903,瑞金
58905,于都
58906,会昌
58907,安远
58911,长汀
58917,武平
58918,上杭
58923,大田
58926,漳平
58927,龙岩
58928,华安
58929,安溪
58931,九仙山
58932,永泰
58934,永春
58935,德化
58938,秀屿
58941,长乐
58942,福清
58944,平潭
58946,莆田
59001,隆林
59004,西林
59007,广南
59012,乐业
59015,凌云
59017,田林
59021,凤山
59023,河池
59025,东兰
59027,巴马
59031,环江
59034,宜州
59037,都安
59038,忻城
59041,柳城
59044,沙塘
59045,鹿寨
59046,柳州
59047,柳江
59052,恭城
59053,平乐
59055,荔浦
59057,金秀
59058,蒙山
59059,昭平
59063,江华
59065,贺州
59071,连南
59072,连州
59074,连山
59075,阳山
59081,乳源
59082,韶关
59087,佛冈
59088,英德
59090,始兴
59091,全南
59092,龙南
59093,定南
59094,翁源
59096,连平
59097,新丰
59099,和平
59102,寻乌
59106,平远
59107,龙川
59109,兴宁
59113,永定
59114,蕉岭
59116,大埔
59117,梅县
59122,长泰
59124,南靖
59125,平和
59127,龙海
59129,漳浦
59130,同安
59131,南安
59133,崇武
59134,厦门
59205,富宁
59209,那坡
59211,百色
59215,德保
59218,靖西
59224,田东
59227,天等
59228,平果
59229,隆安
59230,马山
59235,上林
59237,武鸣
59238,宾阳
59241,象州
59242,来宾
59246,武宣
59255,平南
59256,藤县
59264,封开
59265,梧州
59266,龙圩
59268,郁南
59269,德庆
59270,怀集
59271,广宁
59276,四会
59278,高要
59279,三水
59280,清远
59284,花都
59285,从化
59287,广州
59288,南海
59289,东莞
59290,龙门
59293,河源
59294,增城
59297,博罗
59298,惠阳
59303,五华
59304,紫金
59306,揭西
59310,丰顺
59312,潮州
59313,饶平
59314,普宁
59315,揭阳
59316,汕头
59317,惠来
59318,潮阳
59319,澄海
59320,诏安
59322,云霄
59324,南澳
59419,凭祥
59421,大新
59429,上思
59431,南宁
59435,邕宁
59441,横县
59446,灵山
59448,浦北
59449,博白
59451,北流
59452,容县
59454,岑溪
59456,信宜
59457,陆川
59462,罗定
59469,阳春
59470,新兴
59471,云浮
59473,鹤山
59475,开平
59476,新会
59477,恩平
59478,台山
59480,顺德
59481,番禺
59485,中山
59487,斗门
59488,珠海
59492,惠东
59493,深圳
59500,海丰
59501,汕尾
59502,陆丰
59632,钦州
59635,防城港
59640,合浦
59644,北海
59650,遂溪
59653,高州
59654,廉江
59655,化州
59656,吴川
59658,湛江
59659,茂名
59663,阳江
59664,电白
59673,上川岛
59750,雷州
59754,徐闻
59757,琼山
59758,海口
59838,东方
59842,临高
59843,澄迈
59845,儋州
59847,昌江
59848,白沙
59849,琼中
59851,定安
59854,屯昌
59855,琼海
59856,文昌
59941,五指山
59945,保亭
59951,万宁
89058,南极长城
89573,南极中山
